{"rating": "Needs Work", "feedback_color": "red", "main_feedback": "Elbow too high - this will affect accuracy and power.", "avg_angle": 94.15567934971055, "max_angle": 179.9299290937529, "min_angle": 2.8420656541749065, "angle_range": 177.08786343957797, "shots_detected": 40, "tips": ["\u2022 Your elbow gets too high at the peak of your shot", "\u2022 Work on a more compact, consistent shooting motion"], "angles_over_time": [132.1969941495503, 130.35153576072693, 128.0237668800658, 128.8765162260975, 98.75363943984829, 56.53438350546347, 40.6851671033518, 48.79439505672124, 60.03888615851129, 75.18386661477564, 82.12322042305729, 103.27282908810442, 104.16262908893884, 96.09858101350122, 52.697377232535615, 7.414277830736457, 3.336467315972671, 52.04841086634918, 108.5748784523251, 124.50785423978748, 128.5796846468339, 147.34601489208097, 121.64836318384765, 130.84923554105526, 130.6558486034217, 153.680952029247, 158.49020115480982, 160.32688752614874, 153.43760982097191, 152.17120286201202, 145.82455567797552, 139.12042322689882, 138.5253844165093, 109.78135145621667, 16.021719950772766, 6.656264315591274, 7.628909256827546, 15.675566425693827, 12.416395105628267, 6.4053810690323125, 13.022409994077385, 4.262176809110974, 11.0801764109425, 3.0992183782343496, 163.26824234478124, 172.78518578880875, 170.20297194729028, 179.49682418126181, 163.44731469389782, 176.17084166644577, 147.2663730338785, 111.05411893668004, 112.13991094148189, 179.41775139145506, 146.97734478645341, 105.1332785985013, 155.16223047951868, 25.235185898125824, 3.422210840150862, 66.60910890644354, 113.1281303354649, 115.56680648396001, 116.41308593228335, 106.08269434360301, 71.70356439860262, 29.362865937426815, 77.84077061956835, 35.39723201144658, 12.06156492313257, 77.7197916110736, 104.63247943498203, 131.99754503737205, 131.9675505205148, 112.3488570803614, 43.98425913720579, 12.22234149145515, 17.602243685330905, 39.504250616790515, 132.78223448219683, 149.638552147443, 124.5011715868199, 28.764957099550262, 20.02907005246755, 9.732349163619412, 8.357592916075768, 4.893946582759251, 2.8420656541749065, 11.04316997373296, 19.160611914274426, 22.823303945847805, 23.595439566449077, 25.776976850311073, 23.930024688369606, 18.225541300807453, 46.49894987027664, 64.62029949272215, 129.05418983675645, 113.61231296725508, 105.35747891746391, 111.06039973425715, 150.76075250784703, 114.28178823566472, 100.16491637663398, 90.40947888723045, 102.01261984050417, 11.552726720934825, 27.9811972779816, 109.98317855261509, 100.01304641991281, 95.8530137850461, 60.058965597039744, 49.168162377895975, 45.2669149831524, 47.50841339123836, 43.66587069983583, 47.49665378753986, 47.31735742757636, 45.65597516277287, 37.777291464278896, 110.86548458330017, 154.36883366708142, 141.7105389470346, 58.07047382803204, 5.405915311456389, 179.9299290937529, 155.77299672741756, 172.36068849174202, 31.25458038756329, 92.6213111537881, 126.52174066049544, 101.15921114186324, 97.15218685778396, 161.9558520209201, 163.0259014126115, 140.9415631296705, 139.5103961101439, 138.64702552301142, 132.86131134970435, 134.04101642881992, 162.0037730975734, 166.37245282038523, 163.17460062207553, 149.98928994541834, 161.3009371585114, 158.54925520707798, 156.64208151784868, 146.22150647074028, 139.64666259740324, 140.825232929542, 143.42519673950565, 143.4705550103844, 134.99700165881757, 129.00776880572707, 136.9622326219963, 138.86369028370672, 167.60640388678405, 154.2705602294231]}